image_id,label,relative_path
IMG_DAMAGED_0001,damaged,data/images/damaged/IMG_DAMAGED_0001.jpg
IMG_DAMAGED_0002,damaged,data/images/damaged/IMG_DAMAGED_0002.jpg
IMG_DAMAGED_0003,damaged,data/images/damaged/IMG_DAMAGED_0003.jpg
IMG_DAMAGED_0004,damaged,data/images/damaged/IMG_DAMAGED_0004.jpg
IMG_DAMAGED_0005,damaged,data/images/damaged/IMG_DAMAGED_0005.jpg
IMG_DAMAGED_0006,damaged,data/images/damaged/IMG_DAMAGED_0006.jpg
IMG_DAMAGED_0007,damaged,data/images/damaged/IMG_DAMAGED_0007.jpg
IMG_DAMAGED_0008,damaged,data/images/damaged/IMG_DAMAGED_0008.jpg
IMG_DAMAGED_0009,damaged,data/images/damaged/IMG_DAMAGED_0009.jpg
IMG_DAMAGED_0010,damaged,data/images/damaged/IMG_DAMAGED_0010.jpg
IMG_DAMAGED_0011,damaged,data/images/damaged/IMG_DAMAGED_0011.jpg
IMG_DAMAGED_0012,damaged,data/images/damaged/IMG_DAMAGED_0012.jpg
IMG_DAMAGED_0013,damaged,data/images/damaged/IMG_DAMAGED_0013.jpg
IMG_DAMAGED_0014,damaged,data/images/damaged/IMG_DAMAGED_0014.jpg
IMG_DAMAGED_0015,damaged,data/images/damaged/IMG_DAMAGED_0015.jpg
IMG_DAMAGED_0016,damaged,data/images/damaged/IMG_DAMAGED_0016.jpg
IMG_DAMAGED_0017,damaged,data/images/damaged/IMG_DAMAGED_0017.jpg
IMG_DAMAGED_0018,damaged,data/images/damaged/IMG_DAMAGED_0018.jpg
IMG_DAMAGED_0019,damaged,data/images/damaged/IMG_DAMAGED_0019.jpg
IMG_DAMAGED_0020,damaged,data/images/damaged/IMG_DAMAGED_0020.jpg
IMG_DAMAGED_0021,damaged,data/images/damaged/IMG_DAMAGED_0021.jpg
IMG_DAMAGED_0022,damaged,data/images/damaged/IMG_DAMAGED_0022.jpg
IMG_DAMAGED_0023,damaged,data/images/damaged/IMG_DAMAGED_0023.jpg
IMG_DAMAGED_0024,damaged,data/images/damaged/IMG_DAMAGED_0024.jpg
IMG_DAMAGED_0025,damaged,data/images/damaged/IMG_DAMAGED_0025.jpg
IMG_DAMAGED_0026,damaged,data/images/damaged/IMG_DAMAGED_0026.jpg
IMG_DAMAGED_0027,damaged,data/images/damaged/IMG_DAMAGED_0027.jpg
IMG_DAMAGED_0028,damaged,data/images/damaged/IMG_DAMAGED_0028.jpg
IMG_DAMAGED_0029,damaged,data/images/damaged/IMG_DAMAGED_0029.jpg
IMG_DAMAGED_0030,damaged,data/images/damaged/IMG_DAMAGED_0030.jpg
IMG_DAMAGED_0031,damaged,data/images/damaged/IMG_DAMAGED_0031.jpg
IMG_DAMAGED_0032,damaged,data/images/damaged/IMG_DAMAGED_0032.jpg
IMG_DAMAGED_0033,damaged,data/images/damaged/IMG_DAMAGED_0033.jpg
IMG_DAMAGED_0034,damaged,data/images/damaged/IMG_DAMAGED_0034.jpg
IMG_DAMAGED_0035,damaged,data/images/damaged/IMG_DAMAGED_0035.jpg
IMG_DAMAGED_0036,damaged,data/images/damaged/IMG_DAMAGED_0036.jpg
IMG_DAMAGED_0037,damaged,data/images/damaged/IMG_DAMAGED_0037.jpg
IMG_DAMAGED_0038,damaged,data/images/damaged/IMG_DAMAGED_0038.jpg
IMG_DAMAGED_0039,damaged,data/images/damaged/IMG_DAMAGED_0039.jpg
IMG_DAMAGED_0040,damaged,data/images/damaged/IMG_DAMAGED_0040.jpg
IMG_DAMAGED_0041,damaged,data/images/damaged/IMG_DAMAGED_0041.jpg
IMG_DAMAGED_0042,damaged,data/images/damaged/IMG_DAMAGED_0042.jpg
IMG_DAMAGED_0043,damaged,data/images/damaged/IMG_DAMAGED_0043.jpg
IMG_DAMAGED_0044,damaged,data/images/damaged/IMG_DAMAGED_0044.jpg
IMG_DAMAGED_0045,damaged,data/images/damaged/IMG_DAMAGED_0045.jpg
IMG_DAMAGED_0046,damaged,data/images/damaged/IMG_DAMAGED_0046.jpg
IMG_DAMAGED_0047,damaged,data/images/damaged/IMG_DAMAGED_0047.jpg
IMG_DAMAGED_0048,damaged,data/images/damaged/IMG_DAMAGED_0048.jpg
IMG_DAMAGED_0049,damaged,data/images/damaged/IMG_DAMAGED_0049.jpg
IMG_DAMAGED_0050,damaged,data/images/damaged/IMG_DAMAGED_0050.jpg
IMG_DAMAGED_0051,damaged,data/images/damaged/IMG_DAMAGED_0051.jpg
IMG_DAMAGED_0052,damaged,data/images/damaged/IMG_DAMAGED_0052.jpg
IMG_DAMAGED_0053,damaged,data/images/damaged/IMG_DAMAGED_0053.jpg
IMG_DAMAGED_0054,damaged,data/images/damaged/IMG_DAMAGED_0054.jpg
IMG_DAMAGED_0055,damaged,data/images/damaged/IMG_DAMAGED_0055.jpg
IMG_DAMAGED_0056,damaged,data/images/damaged/IMG_DAMAGED_0056.jpg
IMG_DAMAGED_0057,damaged,data/images/damaged/IMG_DAMAGED_0057.jpg
IMG_DAMAGED_0058,damaged,data/images/damaged/IMG_DAMAGED_0058.jpg
IMG_DAMAGED_0059,damaged,data/images/damaged/IMG_DAMAGED_0059.jpg
IMG_DAMAGED_0060,damaged,data/images/damaged/IMG_DAMAGED_0060.jpg
IMG_DAMAGED_0061,damaged,data/images/damaged/IMG_DAMAGED_0061.jpg
IMG_DAMAGED_0062,damaged,data/images/damaged/IMG_DAMAGED_0062.jpg
IMG_DAMAGED_0063,damaged,data/images/damaged/IMG_DAMAGED_0063.jpg
IMG_DAMAGED_0064,damaged,data/images/damaged/IMG_DAMAGED_0064.jpg
IMG_DAMAGED_0065,damaged,data/images/damaged/IMG_DAMAGED_0065.jpg
IMG_DAMAGED_0066,damaged,data/images/damaged/IMG_DAMAGED_0066.jpg
IMG_DAMAGED_0067,damaged,data/images/damaged/IMG_DAMAGED_0067.jpg
IMG_DAMAGED_0068,damaged,data/images/damaged/IMG_DAMAGED_0068.jpg
IMG_DAMAGED_0069,damaged,data/images/damaged/IMG_DAMAGED_0069.jpg
IMG_DAMAGED_0070,damaged,data/images/damaged/IMG_DAMAGED_0070.jpg
IMG_DAMAGED_0071,damaged,data/images/damaged/IMG_DAMAGED_0071.jpg
IMG_DAMAGED_0072,damaged,data/images/damaged/IMG_DAMAGED_0072.jpg
IMG_DAMAGED_0073,damaged,data/images/damaged/IMG_DAMAGED_0073.jpg
IMG_DAMAGED_0074,damaged,data/images/damaged/IMG_DAMAGED_0074.jpg
IMG_DAMAGED_0075,damaged,data/images/damaged/IMG_DAMAGED_0075.jpg
IMG_DAMAGED_0076,damaged,data/images/damaged/IMG_DAMAGED_0076.jpg
IMG_DAMAGED_0077,damaged,data/images/damaged/IMG_DAMAGED_0077.jpg
IMG_DAMAGED_0078,damaged,data/images/damaged/IMG_DAMAGED_0078.jpg
IMG_DAMAGED_0079,damaged,data/images/damaged/IMG_DAMAGED_0079.jpg
IMG_DAMAGED_0080,damaged,data/images/damaged/IMG_DAMAGED_0080.jpg
IMG_DAMAGED_0081,damaged,data/images/damaged/IMG_DAMAGED_0081.jpg
IMG_DAMAGED_0082,damaged,data/images/damaged/IMG_DAMAGED_0082.jpg
IMG_DAMAGED_0083,damaged,data/images/damaged/IMG_DAMAGED_0083.jpg
IMG_DAMAGED_0084,damaged,data/images/damaged/IMG_DAMAGED_0084.jpg
IMG_DAMAGED_0085,damaged,data/images/damaged/IMG_DAMAGED_0085.jpg
IMG_DAMAGED_0086,damaged,data/images/damaged/IMG_DAMAGED_0086.jpg
IMG_DAMAGED_0087,damaged,data/images/damaged/IMG_DAMAGED_0087.jpg
IMG_DAMAGED_0088,damaged,data/images/damaged/IMG_DAMAGED_0088.jpg
IMG_DAMAGED_0089,damaged,data/images/damaged/IMG_DAMAGED_0089.jpg
IMG_DAMAGED_0090,damaged,data/images/damaged/IMG_DAMAGED_0090.jpg
IMG_DAMAGED_0091,damaged,data/images/damaged/IMG_DAMAGED_0091.jpg
IMG_DAMAGED_0092,damaged,data/images/damaged/IMG_DAMAGED_0092.jpg
IMG_DAMAGED_0093,damaged,data/images/damaged/IMG_DAMAGED_0093.jpg
IMG_DAMAGED_0094,damaged,data/images/damaged/IMG_DAMAGED_0094.jpg
IMG_DAMAGED_0095,damaged,data/images/damaged/IMG_DAMAGED_0095.jpg
IMG_DAMAGED_0096,damaged,data/images/damaged/IMG_DAMAGED_0096.jpg
IMG_DAMAGED_0097,damaged,data/images/damaged/IMG_DAMAGED_0097.jpg
IMG_DAMAGED_0098,damaged,data/images/damaged/IMG_DAMAGED_0098.jpg
IMG_DAMAGED_0099,damaged,data/images/damaged/IMG_DAMAGED_0099.jpg
IMG_DAMAGED_0100,damaged,data/images/damaged/IMG_DAMAGED_0100.jpg
IMG_DAMAGED_0101,damaged,data/images/damaged/IMG_DAMAGED_0101.jpg
IMG_DAMAGED_0102,damaged,data/images/damaged/IMG_DAMAGED_0102.jpg
IMG_DAMAGED_0103,damaged,data/images/damaged/IMG_DAMAGED_0103.jpg
IMG_DAMAGED_0104,damaged,data/images/damaged/IMG_DAMAGED_0104.jpg
IMG_DAMAGED_0105,damaged,data/images/damaged/IMG_DAMAGED_0105.jpg
IMG_DAMAGED_0106,damaged,data/images/damaged/IMG_DAMAGED_0106.jpg
IMG_DAMAGED_0107,damaged,data/images/damaged/IMG_DAMAGED_0107.jpg
IMG_DAMAGED_0108,damaged,data/images/damaged/IMG_DAMAGED_0108.jpg
IMG_DAMAGED_0109,damaged,data/images/damaged/IMG_DAMAGED_0109.jpg
IMG_DAMAGED_0110,damaged,data/images/damaged/IMG_DAMAGED_0110.jpg
IMG_DAMAGED_0111,damaged,data/images/damaged/IMG_DAMAGED_0111.jpg
IMG_DAMAGED_0112,damaged,data/images/damaged/IMG_DAMAGED_0112.jpg
IMG_DAMAGED_0113,damaged,data/images/damaged/IMG_DAMAGED_0113.jpg
IMG_DAMAGED_0114,damaged,data/images/damaged/IMG_DAMAGED_0114.jpg
IMG_DAMAGED_0115,damaged,data/images/damaged/IMG_DAMAGED_0115.jpg
IMG_DAMAGED_0116,damaged,data/images/damaged/IMG_DAMAGED_0116.jpg
IMG_DAMAGED_0117,damaged,data/images/damaged/IMG_DAMAGED_0117.jpg
IMG_DAMAGED_0118,damaged,data/images/damaged/IMG_DAMAGED_0118.jpg
IMG_DAMAGED_0119,damaged,data/images/damaged/IMG_DAMAGED_0119.jpg
IMG_DAMAGED_0120,damaged,data/images/damaged/IMG_DAMAGED_0120.jpg
IMG_WRONG_ITEM_0001,wrong_item,data/images/wrong_item/IMG_WRONG_ITEM_0001.jpg
IMG_WRONG_ITEM_0002,wrong_item,data/images/wrong_item/IMG_WRONG_ITEM_0002.jpg
IMG_WRONG_ITEM_0003,wrong_item,data/images/wrong_item/IMG_WRONG_ITEM_0003.jpg
IMG_WRONG_ITEM_0004,wrong_item,data/images/wrong_item/IMG_WRONG_ITEM_0004.jpg
IMG_WRONG_ITEM_0005,wrong_item,data/images/wrong_item/IMG_WRONG_ITEM_0005.jpg
IMG_WRONG_ITEM_0006,wrong_item,data/images/wrong_item/IMG_WRONG_ITEM_0006.jpg
IMG_WRONG_ITEM_0007,wrong_item,data/images/wrong_item/IMG_WRONG_ITEM_0007.jpg
IMG_WRONG_ITEM_0008,wrong_item,data/images/wrong_item/IMG_WRONG_ITEM_0008.jpg
IMG_WRONG_ITEM_0009,wrong_item,data/images/wrong_item/IMG_WRONG_ITEM_0009.jpg
IMG_WRONG_ITEM_0010,wrong_item,data/images/wrong_item/IMG_WRONG_ITEM_0010.jpg
IMG_WRONG_ITEM_0011,wrong_item,data/images/wrong_item/IMG_WRONG_ITEM_0011.jpg
IMG_WRONG_ITEM_0012,wrong_item,data/images/wrong_item/IMG_WRONG_ITEM_0012.jpg
IMG_WRONG_ITEM_0013,wrong_item,data/images/wrong_item/IMG_WRONG_ITEM_0013.jpg
IMG_WRONG_ITEM_0014,wrong_item,data/images/wrong_item/IMG_WRONG_ITEM_0014.jpg
IMG_WRONG_ITEM_0015,wrong_item,data/images/wrong_item/IMG_WRONG_ITEM_0015.jpg
IMG_WRONG_ITEM_0016,wrong_item,data/images/wrong_item/IMG_WRONG_ITEM_0016.jpg
IMG_WRONG_ITEM_0017,wrong_item,data/images/wrong_item/IMG_WRONG_ITEM_0017.jpg
IMG_WRONG_ITEM_0018,wrong_item,data/images/wrong_item/IMG_WRONG_ITEM_0018.jpg
IMG_WRONG_ITEM_0019,wrong_item,data/images/wrong_item/IMG_WRONG_ITEM_0019.jpg
IMG_WRONG_ITEM_0020,wrong_item,data/images/wrong_item/IMG_WRONG_ITEM_0020.jpg
IMG_WRONG_ITEM_0021,wrong_item,data/images/wrong_item/IMG_WRONG_ITEM_0021.jpg
IMG_WRONG_ITEM_0022,wrong_item,data/images/wrong_item/IMG_WRONG_ITEM_0022.jpg
IMG_WRONG_ITEM_0023,wrong_item,data/images/wrong_item/IMG_WRONG_ITEM_0023.jpg
IMG_WRONG_ITEM_0024,wrong_item,data/images/wrong_item/IMG_WRONG_ITEM_0024.jpg
IMG_WRONG_ITEM_0025,wrong_item,data/images/wrong_item/IMG_WRONG_ITEM_0025.jpg
IMG_WRONG_ITEM_0026,wrong_item,data/images/wrong_item/IMG_WRONG_ITEM_0026.jpg
IMG_WRONG_ITEM_0027,wrong_item,data/images/wrong_item/IMG_WRONG_ITEM_0027.jpg
IMG_WRONG_ITEM_0028,wrong_item,data/images/wrong_item/IMG_WRONG_ITEM_0028.jpg
IMG_WRONG_ITEM_0029,wrong_item,data/images/wrong_item/IMG_WRONG_ITEM_0029.jpg
IMG_WRONG_ITEM_0030,wrong_item,data/images/wrong_item/IMG_WRONG_ITEM_0030.jpg
IMG_WRONG_ITEM_0031,wrong_item,data/images/wrong_item/IMG_WRONG_ITEM_0031.jpg
IMG_WRONG_ITEM_0032,wrong_item,data/images/wrong_item/IMG_WRONG_ITEM_0032.jpg
IMG_WRONG_ITEM_0033,wrong_item,data/images/wrong_item/IMG_WRONG_ITEM_0033.jpg
IMG_WRONG_ITEM_0034,wrong_item,data/images/wrong_item/IMG_WRONG_ITEM_0034.jpg
IMG_WRONG_ITEM_0035,wrong_item,data/images/wrong_item/IMG_WRONG_ITEM_0035.jpg
IMG_WRONG_ITEM_0036,wrong_item,data/images/wrong_item/IMG_WRONG_ITEM_0036.jpg
IMG_WRONG_ITEM_0037,wrong_item,data/images/wrong_item/IMG_WRONG_ITEM_0037.jpg
IMG_WRONG_ITEM_0038,wrong_item,data/images/wrong_item/IMG_WRONG_ITEM_0038.jpg
IMG_WRONG_ITEM_0039,wrong_item,data/images/wrong_item/IMG_WRONG_ITEM_0039.jpg
IMG_WRONG_ITEM_0040,wrong_item,data/images/wrong_item/IMG_WRONG_ITEM_0040.jpg
IMG_WRONG_ITEM_0041,wrong_item,data/images/wrong_item/IMG_WRONG_ITEM_0041.jpg
IMG_WRONG_ITEM_0042,wrong_item,data/images/wrong_item/IMG_WRONG_ITEM_0042.jpg
IMG_WRONG_ITEM_0043,wrong_item,data/images/wrong_item/IMG_WRONG_ITEM_0043.jpg
IMG_WRONG_ITEM_0044,wrong_item,data/images/wrong_item/IMG_WRONG_ITEM_0044.jpg
IMG_WRONG_ITEM_0045,wrong_item,data/images/wrong_item/IMG_WRONG_ITEM_0045.jpg
IMG_WRONG_ITEM_0046,wrong_item,data/images/wrong_item/IMG_WRONG_ITEM_0046.jpg
IMG_WRONG_ITEM_0047,wrong_item,data/images/wrong_item/IMG_WRONG_ITEM_0047.jpg
IMG_WRONG_ITEM_0048,wrong_item,data/images/wrong_item/IMG_WRONG_ITEM_0048.jpg
IMG_WRONG_ITEM_0049,wrong_item,data/images/wrong_item/IMG_WRONG_ITEM_0049.jpg
IMG_WRONG_ITEM_0050,wrong_item,data/images/wrong_item/IMG_WRONG_ITEM_0050.jpg
IMG_WRONG_ITEM_0051,wrong_item,data/images/wrong_item/IMG_WRONG_ITEM_0051.jpg
IMG_WRONG_ITEM_0052,wrong_item,data/images/wrong_item/IMG_WRONG_ITEM_0052.jpg
IMG_WRONG_ITEM_0053,wrong_item,data/images/wrong_item/IMG_WRONG_ITEM_0053.jpg
IMG_WRONG_ITEM_0054,wrong_item,data/images/wrong_item/IMG_WRONG_ITEM_0054.jpg
IMG_WRONG_ITEM_0055,wrong_item,data/images/wrong_item/IMG_WRONG_ITEM_0055.jpg
IMG_WRONG_ITEM_0056,wrong_item,data/images/wrong_item/IMG_WRONG_ITEM_0056.jpg
IMG_WRONG_ITEM_0057,wrong_item,data/images/wrong_item/IMG_WRONG_ITEM_0057.jpg
IMG_WRONG_ITEM_0058,wrong_item,data/images/wrong_item/IMG_WRONG_ITEM_0058.jpg
IMG_WRONG_ITEM_0059,wrong_item,data/images/wrong_item/IMG_WRONG_ITEM_0059.jpg
IMG_WRONG_ITEM_0060,wrong_item,data/images/wrong_item/IMG_WRONG_ITEM_0060.jpg
IMG_WRONG_ITEM_0061,wrong_item,data/images/wrong_item/IMG_WRONG_ITEM_0061.jpg
IMG_WRONG_ITEM_0062,wrong_item,data/images/wrong_item/IMG_WRONG_ITEM_0062.jpg
IMG_WRONG_ITEM_0063,wrong_item,data/images/wrong_item/IMG_WRONG_ITEM_0063.jpg
IMG_WRONG_ITEM_0064,wrong_item,data/images/wrong_item/IMG_WRONG_ITEM_0064.jpg
IMG_WRONG_ITEM_0065,wrong_item,data/images/wrong_item/IMG_WRONG_ITEM_0065.jpg
IMG_WRONG_ITEM_0066,wrong_item,data/images/wrong_item/IMG_WRONG_ITEM_0066.jpg
IMG_WRONG_ITEM_0067,wrong_item,data/images/wrong_item/IMG_WRONG_ITEM_0067.jpg
IMG_WRONG_ITEM_0068,wrong_item,data/images/wrong_item/IMG_WRONG_ITEM_0068.jpg
IMG_WRONG_ITEM_0069,wrong_item,data/images/wrong_item/IMG_WRONG_ITEM_0069.jpg
IMG_WRONG_ITEM_0070,wrong_item,data/images/wrong_item/IMG_WRONG_ITEM_0070.jpg
IMG_WRONG_ITEM_0071,wrong_item,data/images/wrong_item/IMG_WRONG_ITEM_0071.jpg
IMG_WRONG_ITEM_0072,wrong_item,data/images/wrong_item/IMG_WRONG_ITEM_0072.jpg
IMG_WRONG_ITEM_0073,wrong_item,data/images/wrong_item/IMG_WRONG_ITEM_0073.jpg
IMG_WRONG_ITEM_0074,wrong_item,data/images/wrong_item/IMG_WRONG_ITEM_0074.jpg
IMG_WRONG_ITEM_0075,wrong_item,data/images/wrong_item/IMG_WRONG_ITEM_0075.jpg
IMG_WRONG_ITEM_0076,wrong_item,data/images/wrong_item/IMG_WRONG_ITEM_0076.jpg
IMG_WRONG_ITEM_0077,wrong_item,data/images/wrong_item/IMG_WRONG_ITEM_0077.jpg
IMG_WRONG_ITEM_0078,wrong_item,data/images/wrong_item/IMG_WRONG_ITEM_0078.jpg
IMG_WRONG_ITEM_0079,wrong_item,data/images/wrong_item/IMG_WRONG_ITEM_0079.jpg
IMG_WRONG_ITEM_0080,wrong_item,data/images/wrong_item/IMG_WRONG_ITEM_0080.jpg
IMG_WRONG_ITEM_0081,wrong_item,data/images/wrong_item/IMG_WRONG_ITEM_0081.jpg
IMG_WRONG_ITEM_0082,wrong_item,data/images/wrong_item/IMG_WRONG_ITEM_0082.jpg
IMG_WRONG_ITEM_0083,wrong_item,data/images/wrong_item/IMG_WRONG_ITEM_0083.jpg
IMG_WRONG_ITEM_0084,wrong_item,data/images/wrong_item/IMG_WRONG_ITEM_0084.jpg
IMG_WRONG_ITEM_0085,wrong_item,data/images/wrong_item/IMG_WRONG_ITEM_0085.jpg
IMG_WRONG_ITEM_0086,wrong_item,data/images/wrong_item/IMG_WRONG_ITEM_0086.jpg
IMG_WRONG_ITEM_0087,wrong_item,data/images/wrong_item/IMG_WRONG_ITEM_0087.jpg
IMG_WRONG_ITEM_0088,wrong_item,data/images/wrong_item/IMG_WRONG_ITEM_0088.jpg
IMG_WRONG_ITEM_0089,wrong_item,data/images/wrong_item/IMG_WRONG_ITEM_0089.jpg
IMG_WRONG_ITEM_0090,wrong_item,data/images/wrong_item/IMG_WRONG_ITEM_0090.jpg
IMG_WRONG_ITEM_0091,wrong_item,data/images/wrong_item/IMG_WRONG_ITEM_0091.jpg
IMG_WRONG_ITEM_0092,wrong_item,data/images/wrong_item/IMG_WRONG_ITEM_0092.jpg
IMG_WRONG_ITEM_0093,wrong_item,data/images/wrong_item/IMG_WRONG_ITEM_0093.jpg
IMG_WRONG_ITEM_0094,wrong_item,data/images/wrong_item/IMG_WRONG_ITEM_0094.jpg
IMG_WRONG_ITEM_0095,wrong_item,data/images/wrong_item/IMG_WRONG_ITEM_0095.jpg
IMG_WRONG_ITEM_0096,wrong_item,data/images/wrong_item/IMG_WRONG_ITEM_0096.jpg
IMG_WRONG_ITEM_0097,wrong_item,data/images/wrong_item/IMG_WRONG_ITEM_0097.jpg
IMG_WRONG_ITEM_0098,wrong_item,data/images/wrong_item/IMG_WRONG_ITEM_0098.jpg
IMG_WRONG_ITEM_0099,wrong_item,data/images/wrong_item/IMG_WRONG_ITEM_0099.jpg
IMG_WRONG_ITEM_0100,wrong_item,data/images/wrong_item/IMG_WRONG_ITEM_0100.jpg
IMG_WRONG_ITEM_0101,wrong_item,data/images/wrong_item/IMG_WRONG_ITEM_0101.jpg
IMG_WRONG_ITEM_0102,wrong_item,data/images/wrong_item/IMG_WRONG_ITEM_0102.jpg
IMG_WRONG_ITEM_0103,wrong_item,data/images/wrong_item/IMG_WRONG_ITEM_0103.jpg
IMG_WRONG_ITEM_0104,wrong_item,data/images/wrong_item/IMG_WRONG_ITEM_0104.jpg
IMG_WRONG_ITEM_0105,wrong_item,data/images/wrong_item/IMG_WRONG_ITEM_0105.jpg
IMG_WRONG_ITEM_0106,wrong_item,data/images/wrong_item/IMG_WRONG_ITEM_0106.jpg
IMG_WRONG_ITEM_0107,wrong_item,data/images/wrong_item/IMG_WRONG_ITEM_0107.jpg
IMG_WRONG_ITEM_0108,wrong_item,data/images/wrong_item/IMG_WRONG_ITEM_0108.jpg
IMG_WRONG_ITEM_0109,wrong_item,data/images/wrong_item/IMG_WRONG_ITEM_0109.jpg
IMG_WRONG_ITEM_0110,wrong_item,data/images/wrong_item/IMG_WRONG_ITEM_0110.jpg
IMG_WRONG_ITEM_0111,wrong_item,data/images/wrong_item/IMG_WRONG_ITEM_0111.jpg
IMG_WRONG_ITEM_0112,wrong_item,data/images/wrong_item/IMG_WRONG_ITEM_0112.jpg
IMG_WRONG_ITEM_0113,wrong_item,data/images/wrong_item/IMG_WRONG_ITEM_0113.jpg
IMG_WRONG_ITEM_0114,wrong_item,data/images/wrong_item/IMG_WRONG_ITEM_0114.jpg
IMG_WRONG_ITEM_0115,wrong_item,data/images/wrong_item/IMG_WRONG_ITEM_0115.jpg
IMG_WRONG_ITEM_0116,wrong_item,data/images/wrong_item/IMG_WRONG_ITEM_0116.jpg
IMG_WRONG_ITEM_0117,wrong_item,data/images/wrong_item/IMG_WRONG_ITEM_0117.jpg
IMG_WRONG_ITEM_0118,wrong_item,data/images/wrong_item/IMG_WRONG_ITEM_0118.jpg
IMG_WRONG_ITEM_0119,wrong_item,data/images/wrong_item/IMG_WRONG_ITEM_0119.jpg
IMG_WRONG_ITEM_0120,wrong_item,data/images/wrong_item/IMG_WRONG_ITEM_0120.jpg
IMG_PACKAGING_DAMAGE_0001,packaging_damage,data/images/packaging_damage/IMG_PACKAGING_DAMAGE_0001.jpg
IMG_PACKAGING_DAMAGE_0002,packaging_damage,data/images/packaging_damage/IMG_PACKAGING_DAMAGE_0002.jpg
IMG_PACKAGING_DAMAGE_0003,packaging_damage,data/images/packaging_damage/IMG_PACKAGING_DAMAGE_0003.jpg
IMG_PACKAGING_DAMAGE_0004,packaging_damage,data/images/packaging_damage/IMG_PACKAGING_DAMAGE_0004.jpg
IMG_PACKAGING_DAMAGE_0005,packaging_damage,data/images/packaging_damage/IMG_PACKAGING_DAMAGE_0005.jpg
IMG_PACKAGING_DAMAGE_0006,packaging_damage,data/images/packaging_damage/IMG_PACKAGING_DAMAGE_0006.jpg
IMG_PACKAGING_DAMAGE_0007,packaging_damage,data/images/packaging_damage/IMG_PACKAGING_DAMAGE_0007.jpg
IMG_PACKAGING_DAMAGE_0008,packaging_damage,data/images/packaging_damage/IMG_PACKAGING_DAMAGE_0008.jpg
IMG_PACKAGING_DAMAGE_0009,packaging_damage,data/images/packaging_damage/IMG_PACKAGING_DAMAGE_0009.jpg
IMG_PACKAGING_DAMAGE_0010,packaging_damage,data/images/packaging_damage/IMG_PACKAGING_DAMAGE_0010.jpg
IMG_PACKAGING_DAMAGE_0011,packaging_damage,data/images/packaging_damage/IMG_PACKAGING_DAMAGE_0011.jpg
IMG_PACKAGING_DAMAGE_0012,packaging_damage,data/images/packaging_damage/IMG_PACKAGING_DAMAGE_0012.jpg
IMG_PACKAGING_DAMAGE_0013,packaging_damage,data/images/packaging_damage/IMG_PACKAGING_DAMAGE_0013.jpg
IMG_PACKAGING_DAMAGE_0014,packaging_damage,data/images/packaging_damage/IMG_PACKAGING_DAMAGE_0014.jpg
IMG_PACKAGING_DAMAGE_0015,packaging_damage,data/images/packaging_damage/IMG_PACKAGING_DAMAGE_0015.jpg
IMG_PACKAGING_DAMAGE_0016,packaging_damage,data/images/packaging_damage/IMG_PACKAGING_DAMAGE_0016.jpg
IMG_PACKAGING_DAMAGE_0017,packaging_damage,data/images/packaging_damage/IMG_PACKAGING_DAMAGE_0017.jpg
IMG_PACKAGING_DAMAGE_0018,packaging_damage,data/images/packaging_damage/IMG_PACKAGING_DAMAGE_0018.jpg
IMG_PACKAGING_DAMAGE_0019,packaging_damage,data/images/packaging_damage/IMG_PACKAGING_DAMAGE_0019.jpg
IMG_PACKAGING_DAMAGE_0020,packaging_damage,data/images/packaging_damage/IMG_PACKAGING_DAMAGE_0020.jpg
IMG_PACKAGING_DAMAGE_0021,packaging_damage,data/images/packaging_damage/IMG_PACKAGING_DAMAGE_0021.jpg
IMG_PACKAGING_DAMAGE_0022,packaging_damage,data/images/packaging_damage/IMG_PACKAGING_DAMAGE_0022.jpg
IMG_PACKAGING_DAMAGE_0023,packaging_damage,data/images/packaging_damage/IMG_PACKAGING_DAMAGE_0023.jpg
IMG_PACKAGING_DAMAGE_0024,packaging_damage,data/images/packaging_damage/IMG_PACKAGING_DAMAGE_0024.jpg
IMG_PACKAGING_DAMAGE_0025,packaging_damage,data/images/packaging_damage/IMG_PACKAGING_DAMAGE_0025.jpg
IMG_PACKAGING_DAMAGE_0026,packaging_damage,data/images/packaging_damage/IMG_PACKAGING_DAMAGE_0026.jpg
IMG_PACKAGING_DAMAGE_0027,packaging_damage,data/images/packaging_damage/IMG_PACKAGING_DAMAGE_0027.jpg
IMG_PACKAGING_DAMAGE_0028,packaging_damage,data/images/packaging_damage/IMG_PACKAGING_DAMAGE_0028.jpg
IMG_PACKAGING_DAMAGE_0029,packaging_damage,data/images/packaging_damage/IMG_PACKAGING_DAMAGE_0029.jpg
IMG_PACKAGING_DAMAGE_0030,packaging_damage,data/images/packaging_damage/IMG_PACKAGING_DAMAGE_0030.jpg
IMG_PACKAGING_DAMAGE_0031,packaging_damage,data/images/packaging_damage/IMG_PACKAGING_DAMAGE_0031.jpg
IMG_PACKAGING_DAMAGE_0032,packaging_damage,data/images/packaging_damage/IMG_PACKAGING_DAMAGE_0032.jpg
IMG_PACKAGING_DAMAGE_0033,packaging_damage,data/images/packaging_damage/IMG_PACKAGING_DAMAGE_0033.jpg
IMG_PACKAGING_DAMAGE_0034,packaging_damage,data/images/packaging_damage/IMG_PACKAGING_DAMAGE_0034.jpg
IMG_PACKAGING_DAMAGE_0035,packaging_damage,data/images/packaging_damage/IMG_PACKAGING_DAMAGE_0035.jpg
IMG_PACKAGING_DAMAGE_0036,packaging_damage,data/images/packaging_damage/IMG_PACKAGING_DAMAGE_0036.jpg
IMG_PACKAGING_DAMAGE_0037,packaging_damage,data/images/packaging_damage/IMG_PACKAGING_DAMAGE_0037.jpg
IMG_PACKAGING_DAMAGE_0038,packaging_damage,data/images/packaging_damage/IMG_PACKAGING_DAMAGE_0038.jpg
IMG_PACKAGING_DAMAGE_0039,packaging_damage,data/images/packaging_damage/IMG_PACKAGING_DAMAGE_0039.jpg
IMG_PACKAGING_DAMAGE_0040,packaging_damage,data/images/packaging_damage/IMG_PACKAGING_DAMAGE_0040.jpg
IMG_PACKAGING_DAMAGE_0041,packaging_damage,data/images/packaging_damage/IMG_PACKAGING_DAMAGE_0041.jpg
IMG_PACKAGING_DAMAGE_0042,packaging_damage,data/images/packaging_damage/IMG_PACKAGING_DAMAGE_0042.jpg
IMG_PACKAGING_DAMAGE_0043,packaging_damage,data/images/packaging_damage/IMG_PACKAGING_DAMAGE_0043.jpg
IMG_PACKAGING_DAMAGE_0044,packaging_damage,data/images/packaging_damage/IMG_PACKAGING_DAMAGE_0044.jpg
IMG_PACKAGING_DAMAGE_0045,packaging_damage,data/images/packaging_damage/IMG_PACKAGING_DAMAGE_0045.jpg
IMG_PACKAGING_DAMAGE_0046,packaging_damage,data/images/packaging_damage/IMG_PACKAGING_DAMAGE_0046.jpg
IMG_PACKAGING_DAMAGE_0047,packaging_damage,data/images/packaging_damage/IMG_PACKAGING_DAMAGE_0047.jpg
IMG_PACKAGING_DAMAGE_0048,packaging_damage,data/images/packaging_damage/IMG_PACKAGING_DAMAGE_0048.jpg
IMG_PACKAGING_DAMAGE_0049,packaging_damage,data/images/packaging_damage/IMG_PACKAGING_DAMAGE_0049.jpg
IMG_PACKAGING_DAMAGE_0050,packaging_damage,data/images/packaging_damage/IMG_PACKAGING_DAMAGE_0050.jpg
IMG_PACKAGING_DAMAGE_0051,packaging_damage,data/images/packaging_damage/IMG_PACKAGING_DAMAGE_0051.jpg
IMG_PACKAGING_DAMAGE_0052,packaging_damage,data/images/packaging_damage/IMG_PACKAGING_DAMAGE_0052.jpg
IMG_PACKAGING_DAMAGE_0053,packaging_damage,data/images/packaging_damage/IMG_PACKAGING_DAMAGE_0053.jpg
IMG_PACKAGING_DAMAGE_0054,packaging_damage,data/images/packaging_damage/IMG_PACKAGING_DAMAGE_0054.jpg
IMG_PACKAGING_DAMAGE_0055,packaging_damage,data/images/packaging_damage/IMG_PACKAGING_DAMAGE_0055.jpg
IMG_PACKAGING_DAMAGE_0056,packaging_damage,data/images/packaging_damage/IMG_PACKAGING_DAMAGE_0056.jpg
IMG_PACKAGING_DAMAGE_0057,packaging_damage,data/images/packaging_damage/IMG_PACKAGING_DAMAGE_0057.jpg
IMG_PACKAGING_DAMAGE_0058,packaging_damage,data/images/packaging_damage/IMG_PACKAGING_DAMAGE_0058.jpg
IMG_PACKAGING_DAMAGE_0059,packaging_damage,data/images/packaging_damage/IMG_PACKAGING_DAMAGE_0059.jpg
IMG_PACKAGING_DAMAGE_0060,packaging_damage,data/images/packaging_damage/IMG_PACKAGING_DAMAGE_0060.jpg
IMG_PACKAGING_DAMAGE_0061,packaging_damage,data/images/packaging_damage/IMG_PACKAGING_DAMAGE_0061.jpg
IMG_PACKAGING_DAMAGE_0062,packaging_damage,data/images/packaging_damage/IMG_PACKAGING_DAMAGE_0062.jpg
IMG_PACKAGING_DAMAGE_0063,packaging_damage,data/images/packaging_damage/IMG_PACKAGING_DAMAGE_0063.jpg
IMG_PACKAGING_DAMAGE_0064,packaging_damage,data/images/packaging_damage/IMG_PACKAGING_DAMAGE_0064.jpg
IMG_PACKAGING_DAMAGE_0065,packaging_damage,data/images/packaging_damage/IMG_PACKAGING_DAMAGE_0065.jpg
IMG_PACKAGING_DAMAGE_0066,packaging_damage,data/images/packaging_damage/IMG_PACKAGING_DAMAGE_0066.jpg
IMG_PACKAGING_DAMAGE_0067,packaging_damage,data/images/packaging_damage/IMG_PACKAGING_DAMAGE_0067.jpg
IMG_PACKAGING_DAMAGE_0068,packaging_damage,data/images/packaging_damage/IMG_PACKAGING_DAMAGE_0068.jpg
IMG_PACKAGING_DAMAGE_0069,packaging_damage,data/images/packaging_damage/IMG_PACKAGING_DAMAGE_0069.jpg
IMG_PACKAGING_DAMAGE_0070,packaging_damage,data/images/packaging_damage/IMG_PACKAGING_DAMAGE_0070.jpg
IMG_PACKAGING_DAMAGE_0071,packaging_damage,data/images/packaging_damage/IMG_PACKAGING_DAMAGE_0071.jpg
IMG_PACKAGING_DAMAGE_0072,packaging_damage,data/images/packaging_damage/IMG_PACKAGING_DAMAGE_0072.jpg
IMG_PACKAGING_DAMAGE_0073,packaging_damage,data/images/packaging_damage/IMG_PACKAGING_DAMAGE_0073.jpg
IMG_PACKAGING_DAMAGE_0074,packaging_damage,data/images/packaging_damage/IMG_PACKAGING_DAMAGE_0074.jpg
IMG_PACKAGING_DAMAGE_0075,packaging_damage,data/images/packaging_damage/IMG_PACKAGING_DAMAGE_0075.jpg
IMG_PACKAGING_DAMAGE_0076,packaging_damage,data/images/packaging_damage/IMG_PACKAGING_DAMAGE_0076.jpg
IMG_PACKAGING_DAMAGE_0077,packaging_damage,data/images/packaging_damage/IMG_PACKAGING_DAMAGE_0077.jpg
IMG_PACKAGING_DAMAGE_0078,packaging_damage,data/images/packaging_damage/IMG_PACKAGING_DAMAGE_0078.jpg
IMG_PACKAGING_DAMAGE_0079,packaging_damage,data/images/packaging_damage/IMG_PACKAGING_DAMAGE_0079.jpg
IMG_PACKAGING_DAMAGE_0080,packaging_damage,data/images/packaging_damage/IMG_PACKAGING_DAMAGE_0080.jpg
IMG_PACKAGING_DAMAGE_0081,packaging_damage,data/images/packaging_damage/IMG_PACKAGING_DAMAGE_0081.jpg
IMG_PACKAGING_DAMAGE_0082,packaging_damage,data/images/packaging_damage/IMG_PACKAGING_DAMAGE_0082.jpg
IMG_PACKAGING_DAMAGE_0083,packaging_damage,data/images/packaging_damage/IMG_PACKAGING_DAMAGE_0083.jpg
IMG_PACKAGING_DAMAGE_0084,packaging_damage,data/images/packaging_damage/IMG_PACKAGING_DAMAGE_0084.jpg
IMG_PACKAGING_DAMAGE_0085,packaging_damage,data/images/packaging_damage/IMG_PACKAGING_DAMAGE_0085.jpg
IMG_PACKAGING_DAMAGE_0086,packaging_damage,data/images/packaging_damage/IMG_PACKAGING_DAMAGE_0086.jpg
IMG_PACKAGING_DAMAGE_0087,packaging_damage,data/images/packaging_damage/IMG_PACKAGING_DAMAGE_0087.jpg
IMG_PACKAGING_DAMAGE_0088,packaging_damage,data/images/packaging_damage/IMG_PACKAGING_DAMAGE_0088.jpg
IMG_PACKAGING_DAMAGE_0089,packaging_damage,data/images/packaging_damage/IMG_PACKAGING_DAMAGE_0089.jpg
IMG_PACKAGING_DAMAGE_0090,packaging_damage,data/images/packaging_damage/IMG_PACKAGING_DAMAGE_0090.jpg
IMG_PACKAGING_DAMAGE_0091,packaging_damage,data/images/packaging_damage/IMG_PACKAGING_DAMAGE_0091.jpg
IMG_PACKAGING_DAMAGE_0092,packaging_damage,data/images/packaging_damage/IMG_PACKAGING_DAMAGE_0092.jpg
IMG_PACKAGING_DAMAGE_0093,packaging_damage,data/images/packaging_damage/IMG_PACKAGING_DAMAGE_0093.jpg
IMG_PACKAGING_DAMAGE_0094,packaging_damage,data/images/packaging_damage/IMG_PACKAGING_DAMAGE_0094.jpg
IMG_PACKAGING_DAMAGE_0095,packaging_damage,data/images/packaging_damage/IMG_PACKAGING_DAMAGE_0095.jpg
IMG_PACKAGING_DAMAGE_0096,packaging_damage,data/images/packaging_damage/IMG_PACKAGING_DAMAGE_0096.jpg
IMG_PACKAGING_DAMAGE_0097,packaging_damage,data/images/packaging_damage/IMG_PACKAGING_DAMAGE_0097.jpg
IMG_PACKAGING_DAMAGE_0098,packaging_damage,data/images/packaging_damage/IMG_PACKAGING_DAMAGE_0098.jpg
IMG_PACKAGING_DAMAGE_0099,packaging_damage,data/images/packaging_damage/IMG_PACKAGING_DAMAGE_0099.jpg
IMG_PACKAGING_DAMAGE_0100,packaging_damage,data/images/packaging_damage/IMG_PACKAGING_DAMAGE_0100.jpg
IMG_PACKAGING_DAMAGE_0101,packaging_damage,data/images/packaging_damage/IMG_PACKAGING_DAMAGE_0101.jpg
IMG_PACKAGING_DAMAGE_0102,packaging_damage,data/images/packaging_damage/IMG_PACKAGING_DAMAGE_0102.jpg
IMG_PACKAGING_DAMAGE_0103,packaging_damage,data/images/packaging_damage/IMG_PACKAGING_DAMAGE_0103.jpg
IMG_PACKAGING_DAMAGE_0104,packaging_damage,data/images/packaging_damage/IMG_PACKAGING_DAMAGE_0104.jpg
IMG_PACKAGING_DAMAGE_0105,packaging_damage,data/images/packaging_damage/IMG_PACKAGING_DAMAGE_0105.jpg
IMG_PACKAGING_DAMAGE_0106,packaging_damage,data/images/packaging_damage/IMG_PACKAGING_DAMAGE_0106.jpg
IMG_PACKAGING_DAMAGE_0107,packaging_damage,data/images/packaging_damage/IMG_PACKAGING_DAMAGE_0107.jpg
IMG_PACKAGING_DAMAGE_0108,packaging_damage,data/images/packaging_damage/IMG_PACKAGING_DAMAGE_0108.jpg
IMG_PACKAGING_DAMAGE_0109,packaging_damage,data/images/packaging_damage/IMG_PACKAGING_DAMAGE_0109.jpg
IMG_PACKAGING_DAMAGE_0110,packaging_damage,data/images/packaging_damage/IMG_PACKAGING_DAMAGE_0110.jpg
IMG_PACKAGING_DAMAGE_0111,packaging_damage,data/images/packaging_damage/IMG_PACKAGING_DAMAGE_0111.jpg
IMG_PACKAGING_DAMAGE_0112,packaging_damage,data/images/packaging_damage/IMG_PACKAGING_DAMAGE_0112.jpg
IMG_PACKAGING_DAMAGE_0113,packaging_damage,data/images/packaging_damage/IMG_PACKAGING_DAMAGE_0113.jpg
IMG_PACKAGING_DAMAGE_0114,packaging_damage,data/images/packaging_damage/IMG_PACKAGING_DAMAGE_0114.jpg
IMG_PACKAGING_DAMAGE_0115,packaging_damage,data/images/packaging_damage/IMG_PACKAGING_DAMAGE_0115.jpg
IMG_PACKAGING_DAMAGE_0116,packaging_damage,data/images/packaging_damage/IMG_PACKAGING_DAMAGE_0116.jpg
IMG_PACKAGING_DAMAGE_0117,packaging_damage,data/images/packaging_damage/IMG_PACKAGING_DAMAGE_0117.jpg
IMG_PACKAGING_DAMAGE_0118,packaging_damage,data/images/packaging_damage/IMG_PACKAGING_DAMAGE_0118.jpg
IMG_PACKAGING_DAMAGE_0119,packaging_damage,data/images/packaging_damage/IMG_PACKAGING_DAMAGE_0119.jpg
IMG_PACKAGING_DAMAGE_0120,packaging_damage,data/images/packaging_damage/IMG_PACKAGING_DAMAGE_0120.jpg
IMG_NORMAL_0001,normal,data/images/normal/IMG_NORMAL_0001.jpg
IMG_NORMAL_0002,normal,data/images/normal/IMG_NORMAL_0002.jpg
IMG_NORMAL_0003,normal,data/images/normal/IMG_NORMAL_0003.jpg
IMG_NORMAL_0004,normal,data/images/normal/IMG_NORMAL_0004.jpg
IMG_NORMAL_0005,normal,data/images/normal/IMG_NORMAL_0005.jpg
IMG_NORMAL_0006,normal,data/images/normal/IMG_NORMAL_0006.jpg
IMG_NORMAL_0007,normal,data/images/normal/IMG_NORMAL_0007.jpg
IMG_NORMAL_0008,normal,data/images/normal/IMG_NORMAL_0008.jpg
IMG_NORMAL_0009,normal,data/images/normal/IMG_NORMAL_0009.jpg
IMG_NORMAL_0010,normal,data/images/normal/IMG_NORMAL_0010.jpg
IMG_NORMAL_0011,normal,data/images/normal/IMG_NORMAL_0011.jpg
IMG_NORMAL_0012,normal,data/images/normal/IMG_NORMAL_0012.jpg
IMG_NORMAL_0013,normal,data/images/normal/IMG_NORMAL_0013.jpg
IMG_NORMAL_0014,normal,data/images/normal/IMG_NORMAL_0014.jpg
IMG_NORMAL_0015,normal,data/images/normal/IMG_NORMAL_0015.jpg
IMG_NORMAL_0016,normal,data/images/normal/IMG_NORMAL_0016.jpg
IMG_NORMAL_0017,normal,data/images/normal/IMG_NORMAL_0017.jpg
IMG_NORMAL_0018,normal,data/images/normal/IMG_NORMAL_0018.jpg
IMG_NORMAL_0019,normal,data/images/normal/IMG_NORMAL_0019.jpg
IMG_NORMAL_0020,normal,data/images/normal/IMG_NORMAL_0020.jpg
IMG_NORMAL_0021,normal,data/images/normal/IMG_NORMAL_0021.jpg
IMG_NORMAL_0022,normal,data/images/normal/IMG_NORMAL_0022.jpg
IMG_NORMAL_0023,normal,data/images/normal/IMG_NORMAL_0023.jpg
IMG_NORMAL_0024,normal,data/images/normal/IMG_NORMAL_0024.jpg
IMG_NORMAL_0025,normal,data/images/normal/IMG_NORMAL_0025.jpg
IMG_NORMAL_0026,normal,data/images/normal/IMG_NORMAL_0026.jpg
IMG_NORMAL_0027,normal,data/images/normal/IMG_NORMAL_0027.jpg
IMG_NORMAL_0028,normal,data/images/normal/IMG_NORMAL_0028.jpg
IMG_NORMAL_0029,normal,data/images/normal/IMG_NORMAL_0029.jpg
IMG_NORMAL_0030,normal,data/images/normal/IMG_NORMAL_0030.jpg
IMG_NORMAL_0031,normal,data/images/normal/IMG_NORMAL_0031.jpg
IMG_NORMAL_0032,normal,data/images/normal/IMG_NORMAL_0032.jpg
IMG_NORMAL_0033,normal,data/images/normal/IMG_NORMAL_0033.jpg
IMG_NORMAL_0034,normal,data/images/normal/IMG_NORMAL_0034.jpg
IMG_NORMAL_0035,normal,data/images/normal/IMG_NORMAL_0035.jpg
IMG_NORMAL_0036,normal,data/images/normal/IMG_NORMAL_0036.jpg
IMG_NORMAL_0037,normal,data/images/normal/IMG_NORMAL_0037.jpg
IMG_NORMAL_0038,normal,data/images/normal/IMG_NORMAL_0038.jpg
IMG_NORMAL_0039,normal,data/images/normal/IMG_NORMAL_0039.jpg
IMG_NORMAL_0040,normal,data/images/normal/IMG_NORMAL_0040.jpg
IMG_NORMAL_0041,normal,data/images/normal/IMG_NORMAL_0041.jpg
IMG_NORMAL_0042,normal,data/images/normal/IMG_NORMAL_0042.jpg
IMG_NORMAL_0043,normal,data/images/normal/IMG_NORMAL_0043.jpg
IMG_NORMAL_0044,normal,data/images/normal/IMG_NORMAL_0044.jpg
IMG_NORMAL_0045,normal,data/images/normal/IMG_NORMAL_0045.jpg
IMG_NORMAL_0046,normal,data/images/normal/IMG_NORMAL_0046.jpg
IMG_NORMAL_0047,normal,data/images/normal/IMG_NORMAL_0047.jpg
IMG_NORMAL_0048,normal,data/images/normal/IMG_NORMAL_0048.jpg
IMG_NORMAL_0049,normal,data/images/normal/IMG_NORMAL_0049.jpg
IMG_NORMAL_0050,normal,data/images/normal/IMG_NORMAL_0050.jpg
IMG_NORMAL_0051,normal,data/images/normal/IMG_NORMAL_0051.jpg
IMG_NORMAL_0052,normal,data/images/normal/IMG_NORMAL_0052.jpg
IMG_NORMAL_0053,normal,data/images/normal/IMG_NORMAL_0053.jpg
IMG_NORMAL_0054,normal,data/images/normal/IMG_NORMAL_0054.jpg
IMG_NORMAL_0055,normal,data/images/normal/IMG_NORMAL_0055.jpg
IMG_NORMAL_0056,normal,data/images/normal/IMG_NORMAL_0056.jpg
IMG_NORMAL_0057,normal,data/images/normal/IMG_NORMAL_0057.jpg
IMG_NORMAL_0058,normal,data/images/normal/IMG_NORMAL_0058.jpg
IMG_NORMAL_0059,normal,data/images/normal/IMG_NORMAL_0059.jpg
IMG_NORMAL_0060,normal,data/images/normal/IMG_NORMAL_0060.jpg
IMG_NORMAL_0061,normal,data/images/normal/IMG_NORMAL_0061.jpg
IMG_NORMAL_0062,normal,data/images/normal/IMG_NORMAL_0062.jpg
IMG_NORMAL_0063,normal,data/images/normal/IMG_NORMAL_0063.jpg
IMG_NORMAL_0064,normal,data/images/normal/IMG_NORMAL_0064.jpg
IMG_NORMAL_0065,normal,data/images/normal/IMG_NORMAL_0065.jpg
IMG_NORMAL_0066,normal,data/images/normal/IMG_NORMAL_0066.jpg
IMG_NORMAL_0067,normal,data/images/normal/IMG_NORMAL_0067.jpg
IMG_NORMAL_0068,normal,data/images/normal/IMG_NORMAL_0068.jpg
IMG_NORMAL_0069,normal,data/images/normal/IMG_NORMAL_0069.jpg
IMG_NORMAL_0070,normal,data/images/normal/IMG_NORMAL_0070.jpg
IMG_NORMAL_0071,normal,data/images/normal/IMG_NORMAL_0071.jpg
IMG_NORMAL_0072,normal,data/images/normal/IMG_NORMAL_0072.jpg
IMG_NORMAL_0073,normal,data/images/normal/IMG_NORMAL_0073.jpg
IMG_NORMAL_0074,normal,data/images/normal/IMG_NORMAL_0074.jpg
IMG_NORMAL_0075,normal,data/images/normal/IMG_NORMAL_0075.jpg
IMG_NORMAL_0076,normal,data/images/normal/IMG_NORMAL_0076.jpg
IMG_NORMAL_0077,normal,data/images/normal/IMG_NORMAL_0077.jpg
IMG_NORMAL_0078,normal,data/images/normal/IMG_NORMAL_0078.jpg
IMG_NORMAL_0079,normal,data/images/normal/IMG_NORMAL_0079.jpg
IMG_NORMAL_0080,normal,data/images/normal/IMG_NORMAL_0080.jpg
IMG_NORMAL_0081,normal,data/images/normal/IMG_NORMAL_0081.jpg
IMG_NORMAL_0082,normal,data/images/normal/IMG_NORMAL_0082.jpg
IMG_NORMAL_0083,normal,data/images/normal/IMG_NORMAL_0083.jpg
IMG_NORMAL_0084,normal,data/images/normal/IMG_NORMAL_0084.jpg
IMG_NORMAL_0085,normal,data/images/normal/IMG_NORMAL_0085.jpg
IMG_NORMAL_0086,normal,data/images/normal/IMG_NORMAL_0086.jpg
IMG_NORMAL_0087,normal,data/images/normal/IMG_NORMAL_0087.jpg
IMG_NORMAL_0088,normal,data/images/normal/IMG_NORMAL_0088.jpg
IMG_NORMAL_0089,normal,data/images/normal/IMG_NORMAL_0089.jpg
IMG_NORMAL_0090,normal,data/images/normal/IMG_NORMAL_0090.jpg
IMG_NORMAL_0091,normal,data/images/normal/IMG_NORMAL_0091.jpg
IMG_NORMAL_0092,normal,data/images/normal/IMG_NORMAL_0092.jpg
IMG_NORMAL_0093,normal,data/images/normal/IMG_NORMAL_0093.jpg
IMG_NORMAL_0094,normal,data/images/normal/IMG_NORMAL_0094.jpg
IMG_NORMAL_0095,normal,data/images/normal/IMG_NORMAL_0095.jpg
IMG_NORMAL_0096,normal,data/images/normal/IMG_NORMAL_0096.jpg
IMG_NORMAL_0097,normal,data/images/normal/IMG_NORMAL_0097.jpg
IMG_NORMAL_0098,normal,data/images/normal/IMG_NORMAL_0098.jpg
IMG_NORMAL_0099,normal,data/images/normal/IMG_NORMAL_0099.jpg
IMG_NORMAL_0100,normal,data/images/normal/IMG_NORMAL_0100.jpg
IMG_NORMAL_0101,normal,data/images/normal/IMG_NORMAL_0101.jpg
IMG_NORMAL_0102,normal,data/images/normal/IMG_NORMAL_0102.jpg
IMG_NORMAL_0103,normal,data/images/normal/IMG_NORMAL_0103.jpg
IMG_NORMAL_0104,normal,data/images/normal/IMG_NORMAL_0104.jpg
IMG_NORMAL_0105,normal,data/images/normal/IMG_NORMAL_0105.jpg
IMG_NORMAL_0106,normal,data/images/normal/IMG_NORMAL_0106.jpg
IMG_NORMAL_0107,normal,data/images/normal/IMG_NORMAL_0107.jpg
IMG_NORMAL_0108,normal,data/images/normal/IMG_NORMAL_0108.jpg
IMG_NORMAL_0109,normal,data/images/normal/IMG_NORMAL_0109.jpg
IMG_NORMAL_0110,normal,data/images/normal/IMG_NORMAL_0110.jpg
IMG_NORMAL_0111,normal,data/images/normal/IMG_NORMAL_0111.jpg
IMG_NORMAL_0112,normal,data/images/normal/IMG_NORMAL_0112.jpg
IMG_NORMAL_0113,normal,data/images/normal/IMG_NORMAL_0113.jpg
IMG_NORMAL_0114,normal,data/images/normal/IMG_NORMAL_0114.jpg
IMG_NORMAL_0115,normal,data/images/normal/IMG_NORMAL_0115.jpg
IMG_NORMAL_0116,normal,data/images/normal/IMG_NORMAL_0116.jpg
IMG_NORMAL_0117,normal,data/images/normal/IMG_NORMAL_0117.jpg
IMG_NORMAL_0118,normal,data/images/normal/IMG_NORMAL_0118.jpg
IMG_NORMAL_0119,normal,data/images/normal/IMG_NORMAL_0119.jpg
IMG_NORMAL_0120,normal,data/images/normal/IMG_NORMAL_0120.jpg
